2018rank,City,State,2018estimate,2010Census,Change,2016 Land area(sqmi),2016 Land Area(km2),2016 Population Density(sqmi),2016 Population Density(km2),Location,Mayor
1,New York City,New York,"8,398,748","8,175,133",+2.74,301.5,780.9,"28,317","10,933",40°39′49″N 73°56′19″W / 40.6635°N 73.9387°W / 40.6635; -73.9387 ,
2,Los Angeles,California,"3,990,456","3,792,621",+5.22,468.7,"1,213.9","8,484","3,276",34°01′10″N 118°24′39″W / 34.0194°N 118.4108°W / 34.0194; -118.4108 ,Eric Garcetti 
3,Chicago,Illinois,"2,705,994","2,695,598",+0.39,227.3,588.7,"11,900","4,600",41°50′15″N 87°40′54″W / 41.8376°N 87.6818°W / 41.8376; -87.6818 ,Lori Lightfoot 
4,Houston,Texas,"2,325,502","2,100,263",+10.72,637.5,"1,651.1","3,613","1,395",29°47′12″N 95°23′27″W / 29.7866°N 95.3909°W / 29.7866; -95.3909 ,Sylvester Turner 
5,Phoenix,Arizona,"1,660,272","1,445,632",+14.85,517.6,"1,340.6","3,120","1,200",33°34′20″N 112°05′24″W / 33.5722°N 112.0901°W / 33.5722; -112.0901 ,Kate Gallego
6,Philadelphia,Pennsylvania,"1,584,138","1,526,006",+3.81,134.2,347.6,"11,683","4,511",40°00′34″N 75°08′00″W / 40.0094°N 75.1333°W / 40.0094; -75.1333 ,Jim Kenney 
7,San Antonio,Texas,"1,532,233","1,327,407",+15.43,461.0,"1,194.0","3,238","1,250",29°28′21″N 98°31′30″W / 29.4724°N 98.5251°W / 29.4724; -98.5251 ,Ron Nirenberg 
8,San Diego,California,"1,425,976","1,307,402",+9.07,325.2,842.3,"4,325","1,670",32°48′55″N 117°08′06″W / 32.8153°N 117.1350°W / 32.8153; -117.1350 ,Kevin Faulconer 
9,Dallas,Texas,"1,345,047","1,197,816",+12.29,340.9,882.9,"3,866","1,493",32°47′36″N 96°45′59″W / 32.7933°N 96.7665°W / 32.7933; -96.7665 ,Mike Rawlings 
10,San Jose,California,"1,030,119","945,942",+8.90,177.5,459.7,"5,777",",231",37°17′48″N 121°49′08″W / 37.2967°N 121.8189°W / 37.2967; -121.8189 ,Sam Liccardo 
11,Austin,Texas,"964,254","790,390",+22.00,312.7,809.9,"3,031","1,170",30°18′14″N 97°45′16″W / 30.3039°N 97.7544°W / 30.3039; -97.7544 ,Steve Adler 
12,Jacksonville,Florida,"903,889","821,784",+9.99,747.4,"1,935.8","1,178",455,30°20′13″N 81°39′42″W / 30.3369°N 81.6616°W / 30.3369; -81.6616 ,Lenny Curry 
13,Fort Worth,Texas,"895,008","741,206",+20.75,342.9,888.1,"2,491",962,32°46′53″N 97°20′48″W / 32.7815°N 97.3467°W / 32.7815; -97.3467 ,Betsy Price 
14,Columbus,Ohio,"892,533","787,033",+13.40,218.5,565.9,"3,936","1,520",39°59′07″N 82°59′05″W / 39.9852°N 82.9848°W / 39.9852; -82.9848 ,Andrew J. Ginther 
15,San Francisco,California,"883,305","805,235",+9.70,46.9,121.5,"18,569","7,170",37°43′38″N 123°01′56″W / 37.7272°N 123.0322°W / 37.7272; -123.0322 ,London Breed 
16,Charlotte,North Carolina,"872,498","731,424",+19.29,305.4,791.0,"2,757","1,064",35°12′28″N 80°49′52″W / 35.2078°N 80.8310°W / 35.2078; -80.8310 ,Vi Lyles 
17,Indianapolis,Indiana,"867,125","820,445",+5.69,361.5,936.3,"2,366",914,39°46′36″N 86°08′45″W / 39.7767°N 86.1459°W / 39.7767; -86.1459 ,Joe Hogsett 
18,Seattle,Washington,"744,955","608,660",+22.39,83.8,17.0,"8,405","3,245",47°37′14″N 122°21′03″W / 47.6205°N 122.3509°W / 47.6205; -122.3509 ,Jenny Durkan 
19,Denver,Colorado,"716,492","600,158",+19.38,153.3,397.0,"4,521","1,746",39°45′43″N 104°52′52″W / 39.7619°N 104.8811°W / 39.7619; -104.8811 ,Michael Hancock 
20,"Washington, D.C.",District of Columbia,"702,455","601,723",+16.74,61.1,158.,"11,148","4,304",38°54′15″N 77°01′02″W / 38.9041°N 77.0172°W / 38.9041; -77.0172 ,Muriel Bowser 
21,Boston,Massachusetts,"694,583","617,594",+12.47,48.3,125.1,"13,938","5,381",42°19′55″N 71°01′13″W / 42.3320°N 71.0202°W / 42.3320; -71.0202 ,Marty Walsh 
22,El Paso,Texas,"682,669","649,121",+5.17,256.8,665.1,"2,660","1,030",31°50′54″N 106°25′37″W / 31.8484°N 106.4270°W / 31.8484; -106.4270 ,
23,Detroit,Michigan,"672,662","713,777",−5.76,138.8,359.5,"4,847","1,871",42°22′59″N 83°06′08″W / 42.3830°N 83.1022°W / 42.3830; -83.1022 ,Mike Duggan 
24,Nashville,Tennessee,"669,053","601,222",+11.28,475.9,"1,232.6","1,388",536,36°10′18″N 86°47′06″W / 36.1718°N 86.7850°W / 36.1718; -86.7850 ,David Briley 
25,Portland,Oregon,"653,115","583,776",+11.88,133.5,345.8,"4,793","1,851",45°32′13″N 122°39′00″W / 45.5370°N 122.6500°W / 45.5370; -122.6500 ,Ted Wheeler 
26,Memphis,Tennessee,"650,618","646,889",+0.58,317.4,822.1,"2,056",794,35°06′10″N 89°58′39″W / 35.1028°N 89.9774°W / 35.1028; -89.9774 ,Jim Strickland 
27,Oklahoma City,Oklahoma,"649,021","579,999",+11.90,606.3,"1,570.3","1,053",407,35°28′02″N 97°30′49″W / 35.4671°N 97.5137°W / 35.4671; -97.5137 ,David Holt 
28,Las Vegas,Nevada,"644,644","583,756",+10.43,134.4,348.1,"4,709","1,818",36°13′45″N 115°15′36″W / 36.2292°N 115.2601°W / 36.2292; -115.2601 ,Carolyn Goodman 
29,Louisville,Kentucky,"620,118","597,337",+3.81,263.5,682.5,"2,339",903,38°09′55″N 85°38′51″W / 38.1654°N 85.6474°W / 38.1654; -85.6474 ,Greg Fischer 
30,Baltimore,Maryland,"602,495","620,961",−2.97,80.9,09.5,"7,598",",934",39°18′00″N 76°36′38″W / 39.3000°N 76.6105°W / 39.3000; -76.6105 ,Jack Young 
31,Milwaukee,Wisconsin,"592,025","594,833",−0.47,96.2,49.,"6,186",",388",43°03′48″N 87°58′00″W / 43.0633°N 87.9667°W / 43.0633; -87.9667 ,Tom Barrett 
32,Albuquerque,New Mexico,"560,218","545,852",+2.63,188.2,487.4,"2,972","1,147",35°06′20″N 106°38′51″W / 35.1056°N 106.6474°W / 35.1056; -106.6474 ,Tim Keller 
33,Tucson,Arizona,"545,975","520,116",+4.97,230.8,597.8,"2,299",888,32°09′11″N 110°52′14″W / 32.1531°N 110.8706°W / 32.1531; -110.8706 ,Jonathan Rothschild 
34,Fresno,California,"530,093","494,665",+7.16,114.4,96.3,"4,563","1,762",36°47′01″N 119°47′36″W / 36.7836°N 119.7934°W / 36.7836; -119.7934 ,Lee Brand 
35,Mesa,Arizona,"508,958","439,041",+15.92,137.9,357.,"3,514","1,357",33°24′07″N 111°43′03″W / 33.4019°N 111.7174°W / 33.4019; -111.7174 ,John Giles 
36,Sacramento,California,"508,529","466,488",+9.01,97.9,53.6,"5,059","1,953",38°34′00″N 121°28′07″W / 38.5666°N 121.4686°W / 38.5666; -121.4686 ,Darrell Steinberg 
37,Atlanta,Georgia,"498,044","420,003",+18.58,133.5,345.8,"3,539","1,366",33°45′46″N 84°25′22″W / 33.7629°N 84.4227°W / 33.7629; -84.4227 ,Keisha Lance Bottoms 
38,Kansas City,Missouri,"491,918","459,787",+6.99,315.0,815.8,"1,528",590,39°07′30″N 94°33′04″W / 39.1251°N 94.5510°W / 39.1251; -94.5510 ,Sly James 
39,Colorado Springs,Colorado,"472,688","416,427",+13.51,195.6,506.6,"2,378",918,38°52′02″N 104°45′39″W / 38.8673°N 104.7607°W / 38.8673; -104.7607 ,John Suthers
40,Miami,Florida,"470,914","399,457",+17.89,36.0,93.,"12,599","4,865",25°46′31″N 80°12′31″W / 25.7752°N 80.2086°W / 25.7752; -80.2086 ,Francis X. Suarez 
41,Raleigh,North Carolina,"469,298","403,892",+16.19,145.1,375.8,"3,163","1,221",35°49′50″N 78°38′30″W / 35.8306°N 78.6418°W / 35.8306; -78.6418 ,
42,Omaha,Nebraska,"468,262","408,958",+14.50,133.2,345.0,"3,356","1,296",41°15′52″N 96°02′42″W / 41.2644°N 96.0451°W / 41.2644; -96.0451 ,Jean Stothert 
43,Long Beach,California,"467,354","462,257",+1.10,50.3,130.3,"9,347","3,609",33°48′33″N 118°09′19″W / 33.8092°N 118.1553°W / 33.8092; -118.1553 ,Robert Garcia 
44,Virginia Beach,Virginia,"450,189","437,994",+2.78,244.7,633.8,"1,850",710,36°46′48″N 76°01′31″W / 36.7800°N 76.0252°W / 36.7800; -76.0252 ,Bobby Dyer 
45,Oakland,California,"429,082","390,724",+9.82,55.9,144.8,"7,514",",901",37°46′11″N 122°13′33″W / 37.7698°N 122.2257°W / 37.7698; -122.2257 ,Libby Schaaf 
46,Minneapolis,Minnesota,"425,403","382,578",+11.19,54.0,139.9,"7,660",",960",44°57′48″N 93°16′06″W / 44.9633°N 93.2683°W / 44.9633; -93.2683 ,Jacob Frey 
47,Tulsa,Oklahoma,"400,669","391,906",+2.24,196.8,509.7,"2,048",791,36°07′40″N 95°54′08″W / 36.1279°N 95.9023°W / 36.1279; -95.9023 ,G. T. Bynum 
48,Arlington,Texas,"398,112","365,438",+8.94,95.8,48.1,"4,100","1,600",32°42′03″N 97°07′29″W / 32.7007°N 97.1247°W / 32.7007; -97.1247 ,Jeff Williams 
49,Tampa,Florida,"392,890","335,709",+17.03,113.4,93.7,"3,326","1,284",27°58′12″N 82°28′47″W / 27.9701°N 82.4797°W / 27.9701; -82.4797 ,Jane Castor 
50,New Orleans,Louisiana,"391,006","343,829",+13.72,169.4,438.7,"2,311",892,30°03′12″N 89°56′04″W / 30.0534°N 89.9345°W / 30.0534; -89.9345 ,LaToya Cantrell 
51,Wichita,Kansas,"389,255","382,368",+1.80,160.4,415.4,"2,431",939,37°41′27″N 97°20′45″W / 37.6907°N 97.3459°W / 37.6907; -97.3459 ,Jeff Longwell 
52,Cleveland,Ohio,"383,793","396,815",−3.28,77.7,01.,"4,965","1,917",41°28′43″N 81°40′46″W / 41.4785°N 81.6794°W / 41.4785; -81.6794 ,Frank G. Jackson 
53,Bakersfield,California,"383,579","347,483",+10.39,148.8,385.4,"2,529",976,35°19′16″N 119°01′06″W / 35.3212°N 119.0183°W / 35.3212; -119.0183 ,Karen K. Goh 
54,Aurora,Colorado,"374,114","325,078",+15.08,153.5,397.6,"2,356",910,39°41′17″N 104°41′23″W / 39.6880°N 104.6897°W / 39.6880; -104.6897 ,Bob LeGare
55,Anaheim,California,"352,005","336,265",+4.68,50.0,129.5,"7,021",",711",33°51′20″N 117°45′36″W / 33.8555°N 117.7601°W / 33.8555; -117.7601 ,Harry Sidhu 
56,Honolulu,Hawaii,"347,397","337,256",+3.01,60.5,156.7,"5,815",",245",21°19′27″N 157°50′51″W / 21.3243°N 157.8476°W / 21.3243; -157.8476 ,Kirk Caldwell 
57,Santa Ana,California,"332,725","324,528",+2.53,27.1,70.,"12,333","4,762",33°44′11″N 117°52′59″W / 33.7363°N 117.8830°W / 33.7363; -117.8830 ,Miguel A. Pulido
58,Riverside,California,"330,063","303,871",+8.62,81.2,10.3,"3,999","1,544",33°56′17″N 117°23′36″W / 33.9381°N 117.3932°W / 33.9381; -117.3932 ,
59,Corpus Christi,Texas,"326,554","305,215",+6.99,174.6,452.,"1,866",720,27°45′15″N 97°10′24″W / 27.7543°N 97.1734°W / 27.7543; -97.1734 ,
60,Lexington,Kentucky,"323,780","295,803",+9.46,283.6,734.5,"1,123",434,38°02′27″N 84°27′30″W / 38.0407°N 84.4583°W / 38.0407; -84.4583 ,Linda Gorton
61,Stockton,California,"311,178","291,707",+6.67,61.7,159.8,"4,977","1,922",37°58′35″N 121°18′48″W / 37.9763°N 121.3133°W / 37.9763; -121.3133 ,Michael Tubbs 
62,Henderson,Nevada,"310,390","257,729",+20.43,104.7,71.,"2,798","1,080",36°00′35″N 115°02′09″W / 36.0097°N 115.0357°W / 36.0097; -115.0357 ,Debra March 
63,Saint Paul,Minnesota,"307,695","285,068",+7.94,52.0,134.7,"5,815",",245",44°56′56″N 93°06′15″W / 44.9489°N 93.1041°W / 44.9489; -93.1041 ,Melvin Carter 
64,St. Louis,Missouri,"302,838","319,294",−5.15,62.0,160.6,"5,023","1,939",38°38′09″N 90°14′41″W / 38.6357°N 90.2446°W / 38.6357; -90.2446 ,Lyda Krewson 
65,Cincinnati,Ohio,"302,605","296,943",+1.91,77.4,00.5,"3,860","1,490",39°08′25″N 84°30′21″W / 39.1402°N 84.5058°W / 39.1402; -84.5058 ,John Cranley 
66,Pittsburgh,Pennsylvania,"301,048","305,704",−1.52,55.4,143.5,"5,481",",116",40°26′23″N 79°58′36″W / 40.4398°N 79.9766°W / 40.4398; -79.9766 ,Bill Peduto 
67,Greensboro,North Carolina,"294,722","269,666",+9.29,128.3,332.3,"2,237",864,36°05′42″N 79°49′37″W / 36.0951°N 79.8270°W / 36.0951; -79.8270 ,Nancy B. Vaughan 
68,Anchorage,Alaska,"291,538","291,826",−0.10,"1,706.6","4,420.1",175,68,61°10′27″N 149°17′03″W / 61.1743°N 149.2843°W / 61.1743; -149.2843 ,Ethan Berkowitz 
69,Plano,Texas,"288,061","259,841",+10.86,71.7,185.7,"3,990","1,540",33°03′03″N 96°44′52″W / 33.0508°N 96.7479°W / 33.0508; -96.7479 ,Harry LaRosiliere 
70,Lincoln,Nebraska,"287,401","258,379",+11.23,92.1,38.5,"3,044","1,175",40°48′38″N 96°40′49″W / 40.8105°N 96.6803°W / 40.8105; -96.6803 ,Leirion Gaylor Baird 
71,Orlando,Florida,"285,713","238,300",+19.90,105.2,72.5,"2,635","1,017",28°25′00″N 81°16′25″W / 28.4166°N 81.2736°W / 28.4166; -81.2736 ,Buddy Dyer 
72,Irvine,California,"282,572","212,375",+33.05,65.6,169.9,"4,057","1,566",33°40′42″N 117°46′17″W / 33.6784°N 117.7713°W / 33.6784; -117.7713 ,Christina L. Shea
73,Newark,New Jersey,"282,090","277,140",+1.79,24.1,62.4,"11,691","4,514",40°43′27″N 74°10′21″W / 40.7242°N 74.1726°W / 40.7242; -74.1726 ,
74,Toledo,Ohio,"274,975","287,208",−4.26,80.7,09.0,"3,451","1,332",41°39′51″N 83°34′55″W / 41.6641°N 83.5819°W / 41.6641; -83.5819 ,Wade Kapszukiewicz 
75,Durham,North Carolina,"274,291","228,330",+20.13,109.8,84.4,"2,395",925,35°58′52″N 78°54′10″W / 35.9811°N 78.9029°W / 35.9811; -78.9029 ,Steve Schewel
76,Chula Vista,California,"271,651","243,916",+11.37,49.6,128.5,"5,387",",080",32°37′40″N 117°00′55″W / 32.6277°N 117.0152°W / 32.6277; -117.0152 ,
77,Fort Wayne,Indiana,"267,633","253,691",+5.50,110.6,86.5,"2,391",923,41°05′18″N 85°08′38″W / 41.0882°N 85.1439°W / 41.0882; -85.1439 ,Tom Henry 
78,Jersey City,New Jersey,"265,549","247,597",+7.25,14.8,38.3,"17,848","6,891",40°42′41″N 74°03′53″W / 40.7114°N 74.0648°W / 40.7114; -74.0648 ,
79,St. Petersburg,Florida,"265,098","244,769",+8.31,61.8,160.1,"4,223","1,631",27°45′43″N 82°38′39″W / 27.7620°N 82.6441°W / 27.7620; -82.6441 ,Rick Kriseman 
80,Laredo,Texas,"261,639","236,091",+10.82,101.1,61.8,"2,544",982,27°33′37″N 99°29′21″W / 27.5604°N 99.4892°W / 27.5604; -99.4892 ,Pete Saenz 
81,Madison,Wisconsin,"258,054","233,209",+10.65,77.0,199.4,"3,280","1,270",43°05′16″N 89°25′48″W / 43.0878°N 89.4299°W / 43.0878; -89.4299 ,Satya Rhodes-Conway 
82,Chandler,Arizona,"257,165","236,123",+8.91,64.9,168.1,"3,813","1,472",33°16′58″N 111°51′18″W / 33.2829°N 111.8549°W / 33.2829; -111.8549 ,Kevin Hartke
83,Buffalo,New York,"256,304","261,310",−1.92,40.4,104.6,"6,359",",455",42°53′33″N 78°51′35″W / 42.8925°N 78.8597°W / 42.8925; -78.8597 ,Byron Brown 
84,Lubbock,Texas,"255,885","229,573",+11.46,124.6,322.7,"2,027",783,33°33′56″N 101°53′12″W / 33.5656°N 101.8867°W / 33.5656; -101.8867 ,Dan Pope 
85,Scottsdale,Arizona,"255,310","217,385",+17.45,183.9,476.3,"1,341",518,33°41′03″N 111°51′40″W / 33.6843°N 111.8611°W / 33.6843; -111.8611 ,Jim Lane 
86,Reno,Nevada,"250,998","225,221",+11.45,107.3,77.9,"2,286",883,39°32′57″N 119°51′00″W / 39.5491°N 119.8499°W / 39.5491; -119.8499 ,Hillary Schieve 
87,Glendale,Arizona,"250,702","226,721",+10.58,59.1,153.1,"4,161","1,607",33°31′59″N 112°11′24″W / 33.5331°N 112.1899°W / 33.5331; -112.1899 ,Jerry Weiers 
88,Gilbert,Arizona,"248,279","208,453",+19.11,68.0,176.1,"3,487","1,346",33°18′37″N 111°44′35″W / 33.3103°N 111.7431°W / 33.3103; -111.7431 ,Jenn Daniels 
89,Winston–Salem,North Carolina,"246,328","229,617",+7.28,132.5,343.,"1,828",706,36°06′10″N 80°15′40″W / 36.1027°N 80.2610°W / 36.1027; -80.2610 ,Allen Joines 
90,North Las Vegas,Nevada,"245,949","216,961",+13.36,98.0,53.8,"2,436",941,36°17′09″N 115°05′38″W / 36.2857°N 115.0939°W / 36.2857; -115.0939 ,John Lee 
91,Norfolk,Virginia,"244,076","242,803",+0.52,53.3,138.0,"4,599","1,776",36°55′23″N 76°14′41″W / 36.9230°N 76.2446°W / 36.9230; -76.2446 ,Kenny Alexander 
92,Chesapeake,Virginia,"242,634","222,209",+9.19,338.5,876.7,703,71,36°40′46″N 76°18′06″W / 36.6794°N 76.3018°W / 36.6794; -76.3018 ,"Dr. Richard W. ""Rick"" West "
93,Garland,Texas,"242,507","226,876",+6.89,57.0,147.6,"4,122","1,592",32°54′35″N 96°37′49″W / 32.9098°N 96.6303°W / 32.9098; -96.6303 ,
94,Irving,Texas,"242,242","216,290",+12.00,67.0,173.5,"3,557","1,373",32°51′28″N 96°58′12″W / 32.8577°N 96.9700°W / 32.8577; -96.9700 ,
95,Hialeah,Florida,"238,942","224,669",+6.35,21.5,55.7,"10,995","4,245",25°52′12″N 80°18′10″W / 25.8699°N 80.3029°W / 25.8699; -80.3029 ,Carlos Hernández 
96,Fremont,California,"237,807","214,089",+11.08,77.5,00.7,"3,008","1,161",37°29′40″N 121°56′28″W / 37.4945°N 121.9412°W / 37.4945; -121.9412 ,
97,Boise,Idaho,"228,790","205,671",+11.24,82.1,12.6,"2,718","1,049",43°36′01″N 116°13′54″W / 43.6002°N 116.2317°W / 43.6002; -116.2317 ,Dave Bieter 
98,Richmond,Virginia,"228,783","204,214",+12.03,59.8,154.9,"3,732","1,441",37°31′53″N 77°28′34″W / 37.5314°N 77.4760°W / 37.5314; -77.4760 ,Levar Stoney 
99,Baton Rouge,Louisiana,"221,599","229,493",−3.44,85.9,.5,"2,651","1,024",30°26′32″N 91°07′51″W / 30.4422°N 91.1309°W / 30.4422; -91.1309 ,
100,Spokane,Washington,"219,190","208,916",+4.92,68.7,177.9,"3,144","1,214",47°40′01″N 117°26′00″W / 47.6669°N 117.4333°W / 47.6669; -117.4333 ,David Condon 
101,Des Moines,Iowa,"216,853","203,433",+6.60,88.9,30.,"2,424",936,41°34′21″N 93°36′37″W / 41.5726°N 93.6102°W / 41.5726; -93.6102 ,Frank Cownie 
102,Tacoma,Washington,"216,279","198,397",+9.01,49.7,128.7,"4,251","1,641",47°15′08″N 122°27′35″W / 47.2522°N 122.4598°W / 47.2522; -122.4598 ,Victoria Woodards  since 2018
103,San Bernardino,California,"215,941","209,924",+2.87,61.5,159.3,"3,516","1,358",34°08′30″N 117°17′37″W / 34.1416°N 117.2936°W / 34.1416; -117.2936 ,John Valdivia
104,Modesto,California,"215,030","201,165",+6.89,43.0,111.4,"4,934","1,905",37°38′15″N 121°00′11″W / 37.6375°N 121.0030°W / 37.6375; -121.0030 ,Ted Brandvold
105,Fontana,California,"213,739","196,069",+9.01,43.0,111.4,"4,876","1,883",34°06′32″N 117°27′46″W / 34.1090°N 117.4629°W / 34.1090; -117.4629 ,
106,Santa Clarita,California,"210,089","176,320",+19.15,52.8,136.8,"3,446","1,331",34°24′11″N 118°30′15″W / 34.4030°N 118.5042°W / 34.4030; -118.5042 ,Marsha McLean
107,Birmingham,Alabama,"209,880","212,237",−1.11,146.1,378.4,"1,452",561,33°31′39″N 86°47′56″W / 33.5274°N 86.7990°W / 33.5274; -86.7990 ,Randall Woodfin 
108,Oxnard,California,"209,877","197,899",+6.05,26.9,69.7,"7,729",",984",34°12′08″N 119°12′17″W / 34.2023°N 119.2046°W / 34.2023; -119.2046 ,
109,Fayetteville,North Carolina,"209,468","200,564",+4.44,147.7,382.5,"1,386",535,35°04′58″N 78°58′25″W / 35.0828°N 78.9735°W / 35.0828; -78.9735 ,Mitch Colvin 
110,Moreno Valley,California,"209,050","193,365",+8.11,51.3,132.9,"4,006","1,547",33°55′24″N 117°12′21″W / 33.9233°N 117.2057°W / 33.9233; -117.2057 ,
111,Rochester,New York,"206,284","210,565",−2.03,35.8,92.7,"5,835",",253",43°10′12″N 77°37′01″W / 43.1699°N 77.6169°W / 43.1699; -77.6169 ,Lovely Warren 
112,Glendale,California,"201,361","191,719",+5.03,30.4,78.7,"6,606",",551",34°10′53″N 118°14′45″W / 34.1814°N 118.2458°W / 34.1814; -118.2458 ,
113,Huntington Beach,California,"200,641","189,992",+5.60,26.9,69.7,"7,459",",880",33°41′26″N 118°00′33″W / 33.6906°N 118.0093°W / 33.6906; -118.0093 ,
114,Salt Lake City,Utah,"200,591","186,440",+7.59,111.2,88.0,"1,742",673,40°46′37″N 111°55′52″W / 40.7769°N 111.9310°W / 40.7769; -111.9310 ,Jackie Biskupski 
115,Grand Rapids,Michigan,"200,217","188,040",+6.48,44.4,115.0,"4,424","1,708",42°57′40″N 85°39′20″W / 42.9612°N 85.6556°W / 42.9612; -85.6556 ,Rosalynn Bliss 
116,Amarillo,Texas,"199,924","190,695",+4.84,101.4,62.6,"1,968",760,35°12′00″N 101°49′49″W / 35.1999°N 101.8302°W / 35.1999; -101.8302 ,"Ginger Nelson 
"
117,Yonkers,New York,"199,663","195,976",+1.88,18.0,46.6,"11,156","4,307",40°56′45″N 73°52′03″W / 40.9459°N 73.8674°W / 40.9459; -73.8674 ,Mike Spano 
118,Aurora,Illinois,"199,602","197,899",+0.86,44.9,116.3,"4,479","1,729",41°45′49″N 88°17′24″W / 41.7635°N 88.2901°W / 41.7635; -88.2901 ,Richard Irvin 
119,Montgomery,Alabama,"198,218","205,764",−3.67,159.8,413.9,"1,252",483,32°20′50″N 86°15′58″W / 32.3472°N 86.2661°W / 32.3472; -86.2661 ,Todd Strange 
120,Akron,Ohio,"198,006","199,110",−0.55,62.0,160.6,"3,188","1,231",41°04′50″N 81°31′17″W / 41.0805°N 81.5214°W / 41.0805; -81.5214 ,Dan Horrigan 
121,Little Rock,Arkansas,"197,881","193,524",+2.25,118.7,307.4,"1,673",646,34°43′31″N 92°21′31″W / 34.7254°N 92.3586°W / 34.7254; -92.3586 ,Frank Scott Jr. 
122,Huntsville,Alabama,"197,318","180,105",+9.56,213.4,552.7,905,349,34°41′56″N 86°40′23″W / 34.6990°N 86.6730°W / 34.6990; -86.6730 ,Tommy Battle 
123,Augusta,Georgia,"196,939","195,844",+0.56,302.5,783.5,652,52,33°21′56″N 82°04′24″W / 33.3655°N 82.0734°W / 33.3655; -82.0734 ,Hardie Davis
124,Port St. Lucie,Florida,"195,248","164,603",+18.62,118.9,307.9,"1,557",601,27°16′50″N 80°23′18″W / 27.2806°N 80.3883°W / 27.2806; -80.3883 ,Greg Oravec
125,Grand Prairie,Texas,"194,614","175,396",+10.96,72.3,187.3,"2,637","1,018",32°41′13″N 97°01′16″W / 32.6869°N 97.0211°W / 32.6869; -97.0211 ,
126,Columbus,Georgia,"194,160","189,885",+2.25,216.4,560.5,913,353,32°30′37″N 84°52′30″W / 32.5102°N 84.8749°W / 32.5102; -84.8749 ,"B. H. ""Skip"" Henderson III "
127,Tallahassee,Florida,"193,551","181,376",+6.71,100.4,60.0,"1,901",734,30°27′18″N 84°15′12″W / 30.4551°N 84.2534°W / 30.4551; -84.2534 ,John Dailey 
128,Overland Park,Kansas,"192,536","173,372",+11.05,75.1,194.5,"2,516",971,38°53′20″N 94°41′26″W / 38.8890°N 94.6906°W / 38.8890; -94.6906 ,Carl R. Gerlach
129,Tempe,Arizona,"192,364","161,719",+18.95,40.0,103.6,"4,562","1,761",33°23′18″N 111°55′54″W / 33.3884°N 111.9318°W / 33.3884; -111.9318 ,Mark Mitchell 
130,McKinney,Texas,"191,645","131,117",+46.16,63.0,163.,"2,735","1,056",33°11′55″N 96°40′05″W / 33.1985°N 96.6680°W / 33.1985; -96.6680 ,George Fuller
131,Mobile,Alabama,"189,572","195,111",−2.84,139.4,361.0,"1,384",534,30°40′06″N 88°06′01″W / 30.6684°N 88.1002°W / 30.6684; -88.1002 ,Sandy Stimpson 
132,Cape Coral,Florida,"189,343","154,305",+22.71,105.6,73.5,"1,703",658,26°38′36″N 81°59′51″W / 26.6432°N 81.9974°W / 26.6432; -81.9974 ,Joe Coviello
133,Shreveport,Louisiana,"188,987","199,311",−5.18,107.1,77.4,"1,820",700,32°28′01″N 93°47′32″W / 32.4669°N 93.7922°W / 32.4669; -93.7922 ,Adrian Perkins 
134,Frisco,Texas,"188,170","116,989",+60.84,67.7,175.3,"2,417",933,33°09′19″N 96°49′21″W / 33.1554°N 96.8226°W / 33.1554; -96.8226 ,
135,Knoxville,Tennessee,"187,500","178,874",+4.82,98.5,55.1,"1,891",730,35°58′15″N 83°56′57″W / 35.9707°N 83.9493°W / 35.9707; -83.9493 ,Madeline Rogero 
136,Worcester,Massachusetts,"185,877","181,045",+2.67,37.4,96.9,"4,933","1,905",42°16′10″N 71°48′28″W / 42.2695°N 71.8078°W / 42.2695; -71.8078 ,Joseph Petty 
137,Brownsville,Texas,"183,392","175,023",+4.78,132.5,343.,"1,387",536,25°59′57″N 97°27′18″W / 25.9991°N 97.4550°W / 25.9991; -97.4550 ,Vacant
138,Vancouver,Washington,"183,012","161,791",+13.12,46.9,121.5,"3,728","1,439",45°38′06″N 122°35′45″W / 45.6349°N 122.5957°W / 45.6349; -122.5957 ,Anne McEnerny-Ogle
139,Fort Lauderdale,Florida,"182,595","165,521",+10.32,34.6,89.6,"5,166","1,995",26°08′28″N 80°08′48″W / 26.1412°N 80.1467°W / 26.1412; -80.1467 ,Dean Trantalis 
140,Sioux Falls,South Dakota,"181,883","153,888",+18.19,75.4,195.3,"2,312",893,43°32′18″N 96°43′55″W / 43.5383°N 96.7320°W / 43.5383; -96.7320 ,Paul Ten Haken
141,Ontario,California,"181,107","163,924",+10.48,49.9,129.,"3,471","1,340",34°02′22″N 117°36′15″W / 34.0394°N 117.6042°W / 34.0394; -117.6042 ,
142,Chattanooga,Tennessee,"180,557","167,674",+7.68,143.1,370.6,"1,241",479,35°03′58″N 85°14′54″W / 35.0660°N 85.2484°W / 35.0660; -85.2484 ,Andy Berke 
143,Providence,Rhode Island,"179,335","178,042",+0.73,18.4,47.7,"9,740","3,760",41°49′23″N 71°25′08″W / 41.8231°N 71.4188°W / 41.8231; -71.4188 ,Jorge Elorza 
144,Newport News,Virginia,"178,626","180,719",−1.16,69.1,179.0,"2,631","1,016",37°04′34″N 76°31′19″W / 37.0762°N 76.5220°W / 37.0762; -76.5220 ,McKinley L. Price 
145,Rancho Cucamonga,California,"177,751","165,269",+7.55,40.0,103.6,"4,413","1,704",34°07′24″N 117°33′51″W / 34.1233°N 117.5642°W / 34.1233; -117.5642 ,
146,Santa Rosa,California,"177,586","167,815",+5.82,41.3,107.0,"4,241","1,637",38°26′48″N 122°42′22″W / 38.4468°N 122.7061°W / 38.4468; -122.7061 ,Tom Schwedhelm
147,Oceanside,California,"176,080","167,086",+5.38,41.3,107.0,"4,249","1,641",33°13′28″N 117°18′22″W / 33.2245°N 117.3062°W / 33.2245; -117.3062 ,
148,Salem,Oregon,"173,442","154,637",+12.16,48.6,125.9,"3,445","1,330",44°55′25″N 123°01′24″W / 44.9237°N 123.0232°W / 44.9237; -123.0232 ,Chuck Bennett 
149,Elk Grove,California,"172,886","153,015",+12.99,42.2,109.3,"4,022","1,553",38°24′53″N 121°23′06″W / 38.4146°N 121.3850°W / 38.4146; -121.3850 ,Steve Ly 
150,Garden Grove,California,"172,646","170,883",+1.03,18.0,46.6,"9,714","3,751",33°46′44″N 117°57′38″W / 33.7788°N 117.9605°W / 33.7788; -117.9605 ,Steven R. Jones
151,Pembroke Pines,Florida,"172,374","154,019",+11.92,33.0,85.5,"5,109","1,973",26°01′16″N 80°20′25″W / 26.0210°N 80.3404°W / 26.0210; -80.3404 ,Frank C. Ortis 
152,Peoria,Arizona,"172,259","154,065",+11.81,175.7,455.1,934,361,33°47′10″N 112°18′29″W / 33.7862°N 112.3080°W / 33.7862; -112.3080 ,Cathy Carlat 
153,Eugene,Oregon,"171,245","156,185",+9.64,44.1,114.,"3,777","1,458",44°03′24″N 123°06′58″W / 44.0567°N 123.1162°W / 44.0567; -123.1162 ,Lucy Vinis 
154,Corona,California,"168,819","152,374",+10.79,39.5,102.3,"4,222","1,630",33°51′43″N 117°33′56″W / 33.8620°N 117.5655°W / 33.8620; -117.5655 ,Jason Scott
155,Cary,North Carolina,"168,160","135,234",+24.35,56.5,146.3,"2,873","1,109",35°46′51″N 78°48′48″W / 35.7809°N 78.8133°W / 35.7809; -78.8133 ,Harold Weinbrecht 
156,Springfield,Missouri,"168,122","159,498",+5.41,82.3,13.,"2,033",785,37°11′39″N 93°17′29″W / 37.1942°N 93.2913°W / 37.1942; -93.2913 ,Ken McClure
157,Fort Collins,Colorado,"167,830","143,986",+16.56,55.8,144.5,"2,943","1,136",40°32′54″N 105°03′53″W / 40.5482°N 105.0648°W / 40.5482; -105.0648 ,Wade Troxell
158,Jackson,Mississippi,"164,422","173,514",−5.24,111.0,87.5,"1,524",588,32°18′57″N 90°12′46″W / 32.3158°N 90.2128°W / 32.3158; -90.2128 ,Chokwe Antar Lumumba 
159,Alexandria,Virginia,"160,530","139,966",+14.69,15.0,38.8,"10,387","4,010",38°49′12″N 77°05′03″W / 38.8201°N 77.0841°W / 38.8201; -77.0841 ,Justin Wilson 
160,Hayward,California,"159,620","144,186",+10.70,45.5,117.8,"3,493","1,349",37°37′43″N 122°06′09″W / 37.6287°N 122.1024°W / 37.6287; -122.1024 ,Barbara Halliday
161,Lancaster,California,"159,053","156,633",+1.55,94.3,44.,"1,698",656,34°41′37″N 118°10′31″W / 34.6936°N 118.1753°W / 34.6936; -118.1753 ,R. Rex Parris
162,Lakewood,Colorado,"156,798","142,980",+9.66,42.9,111.1,"3,599","1,390",39°41′56″N 105°07′03″W / 39.6989°N 105.1176°W / 39.6989; -105.1176 ,Adam Paul
163,Clarksville,Tennessee,"156,794","132,929",+17.95,98.3,54.6,"1,529",590,36°33′59″N 87°20′43″W / 36.5664°N 87.3452°W / 36.5664; -87.3452 ,Joe Pitts
164,Palmdale,California,"156,667","152,750",+2.56,106.0,74.5,"1,484",573,34°35′28″N 118°06′19″W / 34.5910°N 118.1054°W / 34.5910; -118.1054 ,
165,Salinas,California,"156,259","150,441",+3.87,23.6,61.1,"6,662",",572",36°41′25″N 121°38′01″W / 36.6902°N 121.6337°W / 36.6902; -121.6337 ,Joe Gunter
166,Springfield,Massachusetts,"155,032","153,060",+1.29,31.9,82.6,"4,830","1,860",42°06′56″N 72°32′24″W / 42.1155°N 72.5400°W / 42.1155; -72.5400 ,Domenic Sarno 
167,Hollywood,Florida,"154,823","140,768",+9.98,27.3,70.7,"5,568",",150",26°01′52″N 80°09′53″W / 26.0310°N 80.1646°W / 26.0310; -80.1646 ,Josh Levy
168,Pasadena,Texas,"153,219","149,043",+2.80,43.5,112.7,"3,525","1,361",29°39′31″N 95°09′02″W / 29.6586°N 95.1506°W / 29.6586; -95.1506 ,Jeff Wagner
169,Sunnyvale,California,"153,185","140,081",+9.35,22.0,57.0,"6,944",",681",37°23′09″N 122°01′35″W / 37.3858°N 122.0263°W / 37.3858; -122.0263 ,Larry Klein
170,Macon,Georgia,"153,095","91,351",+67.59,249.3,645.7,612,36,32°48′32″N 83°41′39″W / 32.8088°N 83.6942°W / 32.8088; -83.6942 ,Robert Reichert 
171,Kansas City,Kansas,"152,958","145,786",+4.92,124.8,323.,"1,216",470,39°07′21″N 94°44′30″W / 39.1225°N 94.7418°W / 39.1225; -94.7418 ,David Alvey
172,Pomona,California,"152,361","149,058",+2.22,23.0,59.6,"6,630",",560",34°03′31″N 117°45′40″W / 34.0585°N 117.7611°W / 34.0585; -117.7611 ,
173,Escondido,California,"152,213","143,911",+5.77,37.1,96.1,"4,087","1,578",33°07′59″N 117°04′26″W / 33.1331°N 117.0740°W / 33.1331; -117.0740 ,Paul McNamara  
174,Killeen,Texas,"149,103","127,921",+16.56,53.5,138.6,"2,680","1,030",31°04′40″N 97°43′55″W / 31.0777°N 97.7320°W / 31.0777; -97.7320 ,
175,Naperville,Illinois,"148,304","141,853",+4.55,38.7,100.,"3,802","1,468",41°44′57″N 88°09′43″W / 41.7492°N 88.1620°W / 41.7492; -88.1620 ,Steve Chirico 
176,Joliet,Illinois,"148,099","147,433",+0.45,64.4,166.8,"2,302",889,41°31′04″N 88°08′56″W / 41.5177°N 88.1488°W / 41.5177; -88.1488 ,Bob O'Dekirk 
177,Bellevue,Washington,"147,599","122,363",+20.62,33.5,86.8,"4,221","1,630",47°35′52″N 122°09′23″W / 47.5979°N 122.1565°W / 47.5979; -122.1565 ,John Chelminiak
178,Rockford,Illinois,"146,526","152,871",−4.15,63.5,164.5,"2,325",898,42°15′32″N 89°03′53″W / 42.2588°N 89.0646°W / 42.2588; -89.0646 ,Thomas McNamara 
179,Savannah,Georgia,"145,862","136,286",+7.03,103.6,68.3,"1,417",547,32°00′09″N 81°09′13″W / 32.0025°N 81.1536°W / 32.0025; -81.1536 ,Eddie DeLoach 
180,Paterson,New Jersey,"145,627","146,199",−0.39,8.4,1.8,"17,500","6,800",40°54′53″N 74°09′46″W / 40.9148°N 74.1628°W / 40.9148; -74.1628 ,
181,Torrance,California,"145,182","145,438",−0.18,20.5,53.1,"7,180",",770",33°50′06″N 118°20′29″W / 33.8350°N 118.3414°W / 33.8350; -118.3414 ,
182,Bridgeport,Connecticut,"144,900","144,229",+0.47,16.1,41.7,"9,064","3,500",41°11′15″N 73°11′45″W / 41.1874°N 73.1958°W / 41.1874; -73.1958 ,Joe Ganim 
183,McAllen,Texas,"143,433","129,877",+10.44,58.4,151.3,"2,435",940,26°13′56″N 98°14′47″W / 26.2322°N 98.2464°W / 26.2322; -98.2464 ,
184,Mesquite,Texas,"142,816","139,824",+2.14,47.2,122.,"3,045","1,176",32°45′46″N 96°35′20″W / 32.7629°N 96.5888°W / 32.7629; -96.5888 ,
185,Syracuse,New York,"142,749","145,170",−1.67,25.0,64.7,"5,735",",214",43°02′28″N 76°08′37″W / 43.0410°N 76.1436°W / 43.0410; -76.1436 ,Ben Walsh 
186,Midland,Texas,"142,344","111,147",+28.07,74.4,192.7,"1,809",698,32°01′29″N 102°06′49″W / 32.0246°N 102.1135°W / 32.0246; -102.1135 ,Jerry Morales
187,Pasadena,California,"141,371","137,122",+3.10,23.0,59.6,"6,176",",385",34°09′38″N 118°08′23″W / 34.1606°N 118.1396°W / 34.1606; -118.1396 ,Terry Tornek
188,Murfreesboro,Tennessee,"141,344","108,755",+29.97,55.9,144.8,"2,360",910,35°51′08″N 86°24′58″W / 35.8522°N 86.4160°W / 35.8522; -86.4160 ,Shane McFarland 
189,Miramar,Florida,"140,823","122,041",+15.39,29.4,76.1,"4,709","1,818",25°58′37″N 80°20′09″W / 25.9770°N 80.3358°W / 25.9770; -80.3358 ,Wayne M. Messam
190,Dayton,Ohio,"140,640","141,527",−0.63,55.7,144.3,"2,522",974,39°46′39″N 84°11′59″W / 39.7774°N 84.1996°W / 39.7774; -84.1996 ,Nan Whaley 
191,Fullerton,California,"139,640","135,161",+3.31,22.4,58.0,"6,282",",425",33°53′09″N 117°55′41″W / 33.8857°N 117.9280°W / 33.8857; -117.9280 ,
192,Olathe,Kansas,"139,605","125,872",+10.91,60.9,157.7,"2,225",859,38°53′03″N 94°49′10″W / 38.8843°N 94.8195°W / 38.8843; -94.8195 ,Michael Copeland
193,Orange,California,"139,484","136,416",+2.25,25.4,65.8,"5,532",",136",33°47′13″N 117°51′41″W / 33.7870°N 117.8613°W / 33.7870; -117.8613 ,
194,Thornton,Colorado,"139,436","118,772",+17.40,35.7,92.5,"3,829","1,478",39°55′10″N 104°56′34″W / 39.9194°N 104.9428°W / 39.9194; -104.9428 ,Heidi K. Williams 
195,Roseville,California,"139,117","118,788",+17.11,43.0,111.4,"3,085","1,191",38°46′08″N 121°19′08″W / 38.7690°N 121.3189°W / 38.7690; -121.3189 ,Susan Rohan
196,Denton,Texas,"138,541","113,383",+22.19,93.4,41.9,"1,433",553,33°13′00″N 97°08′29″W / 33.2166°N 97.1414°W / 33.2166; -97.1414 ,
197,Waco,Texas,"138,183","124,805",+10.72,89.0,30.5,"1,510",580,31°33′36″N 97°11′10″W / 31.5601°N 97.1860°W / 31.5601; -97.1860 ,
198,Surprise,Arizona,"138,161","117,517",+17.57,107.9,79.5,"1,230",470,33°40′14″N 112°27′10″W / 33.6706°N 112.4527°W / 33.6706; -112.4527 ,Skip Hall
199,Carrollton,Texas,"136,879","119,097",+14.93,36.3,94.0,"3,674","1,419",32°59′18″N 96°53′59″W / 32.9884°N 96.8998°W / 32.9884; -96.8998 ,Kevin Falconer
200,West Valley City,Utah,"136,401","129,480",+5.35,35.5,91.9,"3,847","1,485",40°41′19″N 112°00′42″W / 40.6885°N 112.0118°W / 40.6885; -112.0118 ,Ron Bigelow 
201,Charleston,South Carolina,"136,208","120,083",+13.43,109.0,82.3,"1,233",476,32°49′04″N 79°57′32″W / 32.8179°N 79.9590°W / 32.8179; -79.9590 ,John Tecklenburg 
202,Warren,Michigan,"134,587","134,056",+0.40,34.4,89.1,"3,928","1,517",42°29′34″N 83°01′30″W / 42.4929°N 83.0250°W / 42.4929; -83.0250 ,James R. Fouts 
203,Hampton,Virginia,"134,313","137,436",−2.27,51.5,133.4,"2,629","1,015",37°02′53″N 76°17′50″W / 37.0480°N 76.2971°W / 37.0480; -76.2971 ,Donnie Tuck  
204,Gainesville,Florida,"133,857","124,354",+7.64,62.3,161.4,"2,112",815,29°40′44″N 82°20′46″W / 29.6788°N 82.3461°W / 29.6788; -82.3461 ,Lauren Poe 
205,Visalia,California,"133,800","124,442",+7.52,37.5,97.1,"3,495","1,349",36°19′38″N 119°19′44″W / 36.3273°N 119.3289°W / 36.3273; -119.3289 ,
206,Coral Springs,Florida,"133,507","121,096",+10.25,23.8,61.6,"5,465",",110",26°16′15″N 80°15′33″W / 26.2707°N 80.2593°W / 26.2707; -80.2593 ,
207,Columbia,South Carolina,"133,451","129,272",+3.23,133.5,345.8,"1,006",388,34°01′45″N 80°53′53″W / 34.0291°N 80.8980°W / 34.0291; -80.8980 ,Stephen K. Benjamin 
208,Cedar Rapids,Iowa,"133,174","126,326",+5.42,70.8,183.4,"1,852",715,41°58′01″N 91°40′40″W / 41.9670°N 91.6778°W / 41.9670; -91.6778 ,Brad Hart 
209,Sterling Heights,Michigan,"132,964","129,699",+2.52,36.5,94.5,"3,628","1,401",42°34′52″N 83°01′49″W / 42.5812°N 83.0303°W / 42.5812; -83.0303 ,Michael C. Taylor
210,New Haven,Connecticut,"130,418","129,779",+0.49,18.7,48.4,"6,948",",683",41°18′39″N 72°55′30″W / 41.3108°N 72.9250°W / 41.3108; -72.9250 ,Toni Harp 
211,Stamford,Connecticut,"129,775","122,643",+5.82,37.6,97.4,"3,434","1,326",41°04′48″N 73°32′46″W / 41.0799°N 73.5460°W / 41.0799; -73.5460 ,David Martin 
212,Concord,California,"129,688","122,067",+6.24,30.5,79.0,"4,221","1,630",37°58′20″N 122°00′06″W / 37.9722°N 122.0016°W / 37.9722; -122.0016 ,Carlyn Obringer
213,Kent,Washington,"129,618","92,411",+40.26,33.7,87.3,"3,784","1,461",47°23′17″N 122°12′46″W / 47.3880°N 122.2127°W / 47.3880; -122.2127 ,Dana Ralph 
214,Santa Clara,California,"129,488","116,468",+11.18,18.4,47.7,"6,845",",643",37°21′53″N 121°58′04″W / 37.3646°N 121.9679°W / 37.3646; -121.9679 ,
215,Elizabeth,New Jersey,"128,885","124,969",+3.13,12.3,31.9,"10,459","4,038",40°39′59″N 74°11′37″W / 40.6664°N 74.1935°W / 40.6664; -74.1935 ,
216,Round Rock,Texas,"128,739","99,887",+28.88,35.6,92.,"3,396","1,311",30°31′31″N 97°39′58″W / 30.5252°N 97.6660°W / 30.5252; -97.6660 ,
217,Thousand Oaks,California,"127,690","126,683",+0.79,55.2,143.0,"2,335",902,34°11′36″N 118°52′27″W / 34.1933°N 118.8742°W / 34.1933; -118.8742 ,Andy Fox 
218,Lafayette,Louisiana,"126,143","120,623",+4.58,53.8,139.3,"2,372",916,30°12′27″N 92°01′43″W / 30.2074°N 92.0285°W / 30.2074; -92.0285 ,
219,Athens,Georgia,"125,964","115,452",+9.11,116.4,301.5,"1,060",410,33°56′59″N 83°22′12″W / 33.9496°N 83.3701°W / 33.9496; -83.3701 ,Kelly Girtz 
220,Topeka,Kansas,"125,904","127,473",−1.23,61.5,159.3,"2,062",796,39°02′05″N 95°41′46″W / 39.0347°N 95.6962°W / 39.0347; -95.6962 ,Michelle De La Isla
221,Simi Valley,California,"125,851","124,237",+1.30,41.5,107.5,"3,044","1,175",34°16′01″N 118°44′55″W / 34.2669°N 118.7485°W / 34.2669; -118.7485 ,
222,Fargo,North Dakota,"124,844","105,549",+18.28,49.3,127.7,"2,450",950,46°51′55″N 96°49′44″W / 46.8652°N 96.8290°W / 46.8652; -96.8290 ,Tim Mahoney
223,Norman,Oklahoma,"123,471","110,925",+11.31,178.8,463.1,683,64,35°14′26″N 97°20′43″W / 35.2406°N 97.3453°W / 35.2406; -97.3453 ,Lynne Miller
224,Columbia,Missouri,"123,180","108,500",+13.53,65.0,168.3,"1,856",717,38°57′06″N 92°19′43″W / 38.951561°N 92.328638°W / 38.951561; -92.328638 ,Brian Treece
225,Abilene,Texas,"122,999","117,063",+5.07,106.7,76.4,"1,146",442,32°27′16″N 99°44′17″W / 32.4545°N 99.7381°W / 32.4545; -99.7381 ,
226,Wilmington,North Carolina,"122,607","106,476",+15.15,51.6,133.6,"2,278",880,34°12′33″N 77°53′09″W / 34.2092°N 77.8858°W / 34.2092; -77.8858 ,Bill Saffo
227,Hartford,Connecticut,"122,587","124,775",−1.75,17.4,45.1,"7,083",",735",41°45′57″N 72°40′54″W / 41.7659°N 72.6816°W / 41.7659; -72.6816 ,Luke Bronin 
228,Victorville,California,"122,312","115,903",+5.53,73.3,189.8,"1,668",644,34°31′40″N 117°21′13″W / 34.5277°N 117.3536°W / 34.5277; -117.3536 ,Gloria Garcia
229,Pearland,Texas,"122,149","91,252",+33.86,46.3,119.9,"2,453",947,29°33′21″N 95°19′23″W / 29.5558°N 95.3231°W / 29.5558; -95.3231 ,
230,Vallejo,California,"121,913","115,942",+5.15,30.7,79.5,"3,951","1,525",38°06′28″N 122°15′50″W / 38.1079°N 122.2640°W / 38.1079; -122.2640 ,Bob Sampayan
231,Ann Arbor,Michigan,"121,890","113,934",+6.98,28.1,72.8,"4,298","1,659",42°16′34″N 83°43′51″W / 42.2761°N 83.7309°W / 42.2761; -83.7309 ,Christopher Taylor 
232,Berkeley,California,"121,643","112,580",+8.05,10.5,7.,"11,547","4,458",37°52′01″N 122°17′57″W / 37.8670°N 122.2991°W / 37.8670; -122.2991 ,Jesse Arreguín
233,Allentown,Pennsylvania,"121,433","118,032",+2.88,17.5,45.3,"6,882",",657",40°35′37″N 75°28′42″W / 40.5936°N 75.4784°W / 40.5936; -75.4784 ,Ray O'Connell 
234,Richardson,Texas,"120,981","99,223",+21.93,28.6,74.1,"3,963","1,530",32°58′20″N 96°42′29″W / 32.9723°N 96.7081°W / 32.9723; -96.7081 ,
235,Odessa,Texas,"120,568","99,940",+20.64,45.2,117.1,"2,608","1,007",31°53′02″N 102°20′28″W / 31.8838°N 102.3411°W / 31.8838; -102.3411 ,
236,Arvada,Colorado,"120,492","106,433",+13.21,38.6,100.0,"3,043","1,175",39°50′01″N 105°09′01″W / 39.8337°N 105.1503°W / 39.8337; -105.1503 ,Marc Williams 
237,Cambridge,Massachusetts,"118,977","105,162",+13.14,6.4,16.6,"17,289","6,675",42°22′34″N 71°07′07″W / 42.3760°N 71.1187°W / 42.3760; -71.1187 ,Marc C. McGovern
238,Sugar Land,Texas,"118,600","78,817",+50.48,34.0,88.1,"3,488","1,347",29°35′58″N 95°36′51″W / 29.5994°N 95.6142°W / 29.5994; -95.6142 ,
239,Beaumont,Texas,"118,428","118,296",+0.11,82.1,12.6,"1,441",556,30°05′06″N 94°08′43″W / 30.0849°N 94.1453°W / 30.0849; -94.1453 ,
240,Lansing,Michigan,"118,427","114,297",+3.61,39.1,101.3,"2,967","1,146",42°42′51″N 84°33′33″W / 42.7143°N 84.5593°W / 42.7143; -84.5593 ,Andy Schor 
241,Evansville,Indiana,"117,963","117,429",+0.45,47.3,122.5,"2,526",975,37°59′16″N 87°32′05″W / 37.9877°N 87.5347°W / 37.9877; -87.5347 ,Lloyd Winnecke 
242,Rochester,Minnesota,"116,961","106,769",+9.55,54.6,141.4,"2,088",806,44°00′55″N 92°28′38″W / 44.0154°N 92.4772°W / 44.0154; -92.4772 ,Kim Norton 
243,Independence,Missouri,"116,925","116,830",+0.08,77.8,01.5,"1,504",581,39°05′08″N 94°21′08″W / 39.0855°N 94.3521°W / 39.0855; -94.3521 ,Eileen Weir
244,Fairfield,California,"116,884","105,321",+10.98,40.9,105.9,"2,806","1,083",38°15′33″N 122°01′56″W / 38.2593°N 122.0321°W / 38.2593; -122.0321 ,Harry T. Price
245,Provo,Utah,"116,702","112,488",+3.75,41.7,108.0,"2,803","1,082",40°14′43″N 111°38′41″W / 40.2453°N 111.6448°W / 40.2453; -111.6448 ,Michelle Kaufusi
246,Clearwater,Florida,"116,478","107,685",+8.17,25.9,67.1,"4,415","1,705",27°58′44″N 82°46′00″W / 27.9789°N 82.7666°W / 27.9789; -82.7666 ,George N. Cretekos
247,College Station,Texas,"116,218","93,857",+23.82,51.0,132.1,"2,199",849,30°35′07″N 96°17′47″W / 30.5852°N 96.2964°W / 30.5852; -96.2964 ,Karl Mooney
248,West Jordan,Utah,"116,046","103,712",+11.89,32.3,83.7,"3,520","1,360",40°36′09″N 112°00′03″W / 40.6024°N 112.0008°W / 40.6024; -112.0008 ,
249,Carlsbad,California,"115,877","105,328",+10.02,37.7,97.6,"3,023","1,167",33°07′26″N 117°16′58″W / 33.1239°N 117.2828°W / 33.1239; -117.2828 ,Carl Armstrong-Champ
250,El Monte,California,"115,586","113,475",+1.86,9.6,4.9,"12,063","4,658",34°04′29″N 118°01′45″W / 34.0746°N 118.0291°W / 34.0746; -118.0291 ,Andre Quintero
251,Murrieta,California,"114,985","103,466",+11.13,33.6,87.0,"3,324","1,283",33°34′20″N 117°11′25″W / 33.5721°N 117.1904°W / 33.5721; -117.1904 ,
252,Temecula,California,"114,742","100,097",+14.63,37.3,96.6,"3,031","1,170",33°29′35″N 117°07′54″W / 33.4931°N 117.1317°W / 33.4931; -117.1317 ,
253,Springfield,Illinois,"114,694","116,250",−1.34,60.1,155.7,"1,925",743,39°47′28″N 89°38′41″W / 39.7911°N 89.6446°W / 39.7911; -89.6446 ,Jim Langfelder 
254,Palm Bay,Florida,"114,194","103,190",+10.66,65.7,170.,"1,676",647,27°59′08″N 80°39′45″W / 27.9856°N 80.6626°W / 27.9856; -80.6626 ,William Capote
255,Costa Mesa,California,"113,615","109,960",+3.32,15.7,40.7,"7,186",",775",33°39′57″N 117°54′44″W / 33.6659°N 117.9123°W / 33.6659; -117.9123 ,
256,Westminster,Colorado,"113,479","106,114",+6.94,31.7,82.1,"3,592","1,387",39°52′56″N 105°03′52″W / 39.8822°N 105.0644°W / 39.8822; -105.0644 ,Herb Atchison
257,North Charleston,South Carolina,"113,237","97,471",+16.18,73.7,190.9,"1,483",573,32°55′04″N 80°03′54″W / 32.9178°N 80.0650°W / 32.9178; -80.0650 ,R. Keith Summey
258,Miami Gardens,Florida,"113,069","107,167",+5.51,18.2,47.1,"6,212",",398",25°56′56″N 80°14′37″W / 25.9489°N 80.2436°W / 25.9489; -80.2436 ,Oliver G. Gilbert III
259,Manchester,New Hampshire,"112,525","109,565",+2.70,33.1,85.7,"3,339","1,289",42°59′06″N 71°26′39″W / 42.9849°N 71.4441°W / 42.9849; -71.4441 ,Joyce Craig 
260,High Point,North Carolina,"112,316","104,371",+7.61,55.2,143.0,"2,015",778,35°59′24″N 79°59′26″W / 35.9900°N 79.9905°W / 35.9900; -79.9905 ,Jay W. Wagner
261,Downey,California,"112,269","111,772",+0.44,12.4,32.1,"9,134","3,527",33°56′18″N 118°07′51″W / 33.9382°N 118.1309°W / 33.9382; -118.1309 ,
262,Clovis,California,"112,022","95,631",+17.14,24.2,62.7,"4,404","1,700",36°49′42″N 119°41′06″W / 36.8282°N 119.6849°W / 36.8282; -119.6849 ,Bob Whalen 
263,Pompano Beach,Florida,"111,954","99,845",+12.13,24.0,62.,"4,558","1,760",26°14′30″N 80°08′02″W / 26.2416°N 80.1339°W / 26.2416; -80.1339 ,Rex Hardin
264,Pueblo,Colorado,"111,750","106,595",+4.84,53.6,138.8,"2,058",795,38°16′12″N 104°36′44″W / 38.2699°N 104.6123°W / 38.2699; -104.6123 ,Nick Gradisar
265,Elgin,Illinois,"111,683","108,188",+3.23,37.4,96.9,"2,998","1,158",42°02′23″N 88°19′18″W / 42.0396°N 88.3217°W / 42.0396; -88.3217 ,Dave Kaptain
266,Lowell,Massachusetts,"111,670","106,519",+4.84,13.6,35.,"8,129","3,139",42°38′20″N 71°19′16″W / 42.6390°N 71.3211°W / 42.6390; -71.3211 ,William Samaras
267,Antioch,California,"111,535","102,372",+8.95,29.4,76.1,"3,772","1,456",37°58′45″N 121°47′46″W / 37.9791°N 121.7962°W / 37.9791; -121.7962 ,Sean Wright
268,West Palm Beach,Florida,"111,398","99,919",+11.49,55.1,142.7,"1,963",758,26°44′47″N 80°07′30″W / 26.7464°N 80.1251°W / 26.7464; -80.1251 ,Keith James 
269,Peoria,Illinois,"111,388","115,007",−3.15,48.2,124.8,"2,371",915,40°45′05″N 89°37′03″W / 40.7515°N 89.6174°W / 40.7515; -89.6174 ,Jim Ardis
270,Everett,Washington,"111,262","103,019",+8.00,33.3,86.,"3,275","1,264",47°57′24″N 122°11′29″W / 47.9566°N 122.1914°W / 47.9566; -122.1914 ,Cassie Franklin
271,Ventura,California,"111,128","106,433",+4.41,21.8,56.5,"5,027","1,941",34°16′04″N 119°15′15″W / 34.2678°N 119.2542°W / 34.2678; -119.2542 ,Neal Andrews
272,Centennial,Colorado,"110,831","100,377",+10.41,29.5,76.4,"3,727","1,439",39°35′26″N 104°52′09″W / 39.5906°N 104.8691°W / 39.5906; -104.8691 ,Cathy Noon
273,Lakeland,Florida,"110,516","97,422",+13.44,65.9,170.7,"1,615",624,28°03′20″N 81°57′18″W / 28.0555°N 81.9549°W / 28.0555; -81.9549 ,Bill Mutz
274,Gresham,Oregon,"110,158","105,594",+4.32,23.3,60.3,"4,786","1,848",45°30′08″N 122°26′30″W / 45.5023°N 122.4416°W / 45.5023; -122.4416 ,Shane Bemis 
275,Richmond,California,"110,146","103,701",+6.21,30.1,78.0,"3,648","1,409",37°57′08″N 122°21′38″W / 37.9523°N 122.3606°W / 37.9523; -122.3606 ,
276,Billings,Montana,"109,550","104,170",+5.16,43.7,113.,"2,525",975,45°47′19″N 108°33′00″W / 45.7885°N 108.5499°W / 45.7885; -108.5499 ,Bill Cole
277,Inglewood,California,"109,419","109,673",−0.23,9.1,3.6,"12,160","4,700",33°57′22″N 118°20′39″W / 33.9561°N 118.3443°W / 33.9561; -118.3443 ,
278,Broken Arrow,Oklahoma,"109,171","98,850",+10.44,61.7,159.8,"1,741",672,36°02′11″N 95°46′52″W / 36.0365°N 95.7810°W / 36.0365; -95.7810 ,Craig Thurmond
279,Sandy Springs,Georgia,"108,797","93,853",+15.92,37.7,97.6,"2,804","1,083",33°55′53″N 84°22′07″W / 33.9315°N 84.3687°W / 33.9315; -84.3687 ,Rusty Paul
280,Jurupa Valley,California,"108,393",0,NA,42.9,111.1,"2,414",932,34°00′09″N 117°28′03″W / 34.0026°N 117.4676°W / 34.0026; -117.4676 ,Verne Lauritzen
281,Hillsboro,Oregon,"108,389","91,611",+18.31,25.0,64.7,"4,207","1,624",45°31′41″N 122°56′09″W / 45.5280°N 122.9357°W / 45.5280; -122.9357 ,Steve Callaway
282,Waterbury,Connecticut,"108,093","110,366",−2.06,28.5,73.8,"3,799","1,467",41°33′31″N 73°02′12″W / 41.5585°N 73.0367°W / 41.5585; -73.0367 ,Neil O'Leary 
283,Santa Maria,California,"107,408","99,553",+7.89,22.8,59.1,"4,662","1,800",34°56′00″N 120°26′38″W / 34.9332°N 120.4438°W / 34.9332; -120.4438 ,Alice Patino
284,Boulder,Colorado,"107,353","97,385",+10.24,24.8,64.,"4,358","1,683",40°01′37″N 105°15′07″W / 40.0270°N 105.2519°W / 40.0270; -105.2519 ,Suzanne Jones
285,Greeley,Colorado,"107,348","92,889",+15.57,47.8,123.8,"2,176",840,40°24′55″N 104°46′11″W / 40.4153°N 104.7697°W / 40.4153; -104.7697 ,John Gates 
286,Daly City,California,"107,008","101,123",+5.82,7.6,19.7,"14,009","5,409",37°42′03″N 122°27′54″W / 37.7009°N 122.4650°W / 37.7009; -122.4650 ,Raymond A. Buenaventura
287,Meridian,Idaho,"106,804","75,092",+42.23,29.8,77.,"3,584","1,384",43°36′51″N 116°23′56″W / 43.6142°N 116.3989°W / 43.6142; -116.3989 ,Tammy de Weerd
288,Lewisville,Texas,"106,586","95,290",+11.85,36.7,95.1,"2,852","1,101",33°02′48″N 96°58′54″W / 33.0466°N 96.9818°W / 33.0466; -96.9818 ,
289,Davie,Florida,"106,558","91,992",+15.83,34.9,90.4,"2,919","1,127",26°04′45″N 80°17′06″W / 26.0791°N 80.2850°W / 26.0791; -80.2850 ,Judy Paul 
290,West Covina,California,"106,311","106,098",+0.20,16.0,41.4,"6,740",",600",34°03′21″N 117°54′36″W / 34.0559°N 117.9099°W / 34.0559; -117.9099 ,Lloyd Johnson
291,League City,Texas,"106,244","83,560",+27.15,51.2,132.6,"1,992",769,29°29′24″N 95°06′33″W / 29.4901°N 95.1091°W / 29.4901; -95.1091 ,Pat Hallisey
292,Tyler,Texas,"105,729","96,900",+9.11,56.6,146.6,"1,852",715,32°19′02″N 95°18′21″W / 32.3173°N 95.3059°W / 32.3173; -95.3059 ,Martin Heines 
293,Norwalk,California,"105,120","105,549",−0.41,9.7,5.1,"10,946","4,226",33°54′27″N 118°05′01″W / 33.9076°N 118.0835°W / 33.9076; -118.0835 ,
294,San Mateo,California,"105,025","97,207",+8.04,12.1,31.3,"8,592","3,317",37°33′37″N 122°18′38″W / 37.5603°N 122.3106°W / 37.5603; -122.3106 ,Diane Papan
295,Green Bay,Wisconsin,"104,879","104,057",+0.79,45.4,117.6,"2,316",894,44°31′15″N 87°59′03″W / 44.5207°N 87.9842°W / 44.5207; -87.9842 ,Eric Genrich
296,Wichita Falls,Texas,"104,576","104,553",+0.02,72.2,187.0,"1,450",560,33°54′24″N 98°31′33″W / 33.9067°N 98.5259°W / 33.9067; -98.5259 ,Stephen Santellana 
297,Sparks,Nevada,"104,246","90,264",+15.49,35.9,93.0,"2,810","1,080",39°33′16″N 119°44′08″W / 39.5544°N 119.7356°W / 39.5544; -119.7356 ,Ron Smith 
298,Lakewood,New Jersey,"104,157","92,843",+12.19,24.7,64.0,"4,079","1,575",40°04′38″N 74°12′01″W / 40.0771°N 74.2004°W / 40.0771; -74.2004 ,
299,Burbank,California,"103,695","103,340",+0.34,17.4,45.1,"6,003",",318",34°11′24″N 118°19′35″W / 34.1901°N 118.3264°W / 34.1901; -118.3264 ,Emily Gabel-Luddy
300,Rialto,California,"103,440","99,171",+4.30,22.3,57.8,"4,633","1,789",34°06′42″N 117°23′18″W / 34.1118°N 117.3883°W / 34.1118; -117.3883 ,
301,Allen,Texas,"103,383","84,246",+22.72,27.1,70.,"3,715","1,434",33°05′59″N 96°39′47″W / 33.0997°N 96.6631°W / 33.0997; -96.6631 ,
302,El Cajon,California,"103,241","99,478",+3.78,14.5,37.6,"7,156",",763",32°48′06″N 116°57′37″W / 32.8017°N 116.9604°W / 32.8017; -116.9604 ,Bill Wells
303,Las Cruces,New Mexico,"102,926","97,618",+5.44,76.9,199.,"1,323",511,32°19′35″N 106°47′23″W / 32.3264°N 106.7897°W / 32.3264; -106.7897 ,Ken Miyagishima
304,Renton,Washington,"102,153","90,927",+12.35,23.4,60.6,"4,314","1,666",47°28′34″N 122°11′31″W / 47.4761°N 122.1920°W / 47.4761; -122.1920 ,Denis Law
305,Davenport,Iowa,"102,085","99,685",+2.41,62.9,162.9,"1,631",630,41°33′15″N 90°36′14″W / 41.5541°N 90.6040°W / 41.5541; -90.6040 ,Frank Klipsch 
306,South Bend,Indiana,"101,860","101,168",+0.68,41.4,107.,"2,457",949,41°40′37″N 86°16′08″W / 41.6769°N 86.2690°W / 41.6769; -86.2690 ,Pete Buttigieg 
307,Vista,California,"101,224","93,834",+7.88,18.7,48.4,"5,436",",099",33°11′22″N 117°14′19″W / 33.1895°N 117.2386°W / 33.1895; -117.2386 ,Judy Ritter
308,Tuscaloosa,Alabama,"101,113","90,468",+11.77,71.7,185.7,"1,399",540,33°12′23″N 87°32′05″W / 33.2065°N 87.5346°W / 33.2065; -87.5346 ,Walter Maddox 
309,Clinton,Michigan,"100,800","96,796",+4.14,28.1,72.8,"3,573","1,380",42°35′25″N 82°55′01″W / 42.5903°N 82.9170°W / 42.5903; -82.9170 ,
310,Edison,New Jersey,"100,693","99,967",+0.73,30.1,78.0,"3,389","1,309",40°30′14″N 74°20′58″W / 40.5040°N 74.3494°W / 40.5040; -74.3494 ,
311,Woodbridge,New Jersey,"100,450","99,585",+0.87,23.3,60.3,"4,351","1,680",40°33′39″N 74°17′34″W / 40.5607°N 74.2927°W / 40.5607; -74.2927 ,
312,San Angelo,Texas,"100,215","93,200",+7.53,59.9,155.1,"1,681",649,31°26′28″N 100°27′02″W / 31.4411°N 100.4505°W / 31.4411; -100.4505 ,
313,Kenosha,Wisconsin,"100,164","99,218",+0.95,28.0,72.5,"3,577","1,381",42°34′56″N 87°50′44″W / 42.5822°N 87.8456°W / 42.5822; -87.8456 ,John Antaramian
314,Vacaville,California,"100,154","92,428",+8.36,29.0,75.1,"3,449","1,332",38°21′14″N 121°58′22″W / 38.3539°N 121.9728°W / 38.3539; -121.9728 ,Ron Rowlett
